,femalestar,malestar,femalerasi,malerasi,motha porutham,target
0,3,3,5,7,6,0
1,3,7,5,7,7,0
2,3,10,5,7,6,0
3,3,11,5,9,5,0
4,3,25,5,9,7,0
5,3,14,5,9,5,0
6,3,15,5,8,4,1
7,3,28,5,8,5,0
8,3,17,5,8,5,0
9,3,18,5,2,6,0
10,3,23,5,2,7,0
11,3,6,5,2,0,0
12,3,13,5,10,0,0
13,3,20,5,10,8,0
14,3,33,5,10,7,0
15,3,34,5,3,5,1
16,3,2,5,3,6,0
17,3,8,5,3,5,0
18,3,9,5,11,7,0
19,3,27,5,11,7,0
20,3,35,5,11,8,0
21,3,36,5,12,8,0
22,3,1,5,12,8,1
23,3,12,5,12,0,1
24,3,16,5,1,0,0
25,3,19,5,1,8,1
26,3,30,5,1,7,0
27,3,31,5,5,7,1
28,3,29,5,5,9,0
29,3,4,5,5,7,1
30,3,5,5,4,7,1
31,3,26,5,4,8,1
32,3,21,5,4,8,0
33,3,22,5,6,8,0
34,3,32,5,6,8,1
35,3,24,5,6,0,0
36,7,3,5,7,8,0
37,7,7,5,7,0,1
38,7,10,5,7,7,0
39,7,11,5,9,6,0
40,7,25,5,9,5,0
41,7,14,5,9,7,0
42,7,15,5,8,6,0
43,7,28,5,8,4,0
44,7,17,5,8,5,0
45,7,18,5,2,6,0
46,7,23,5,2,0,0
47,7,6,5,2,7,0
48,7,13,5,10,8,0
49,7,20,5,10,0,0
50,7,33,5,10,8,1
51,7,34,5,3,6,0
52,7,2,5,3,5,0
53,7,8,5,3,7,0
54,7,9,5,11,9,0
55,7,27,5,11,7,0
56,7,35,5,11,8,1
57,7,36,5,12,8,1
58,7,1,5,12,0,0
59,7,12,5,12,8,1
60,7,16,5,1,7,1
61,7,19,5,1,0,0
62,7,30,5,1,8,1
63,7,31,5,5,8,1
64,7,29,5,5,8,1
65,7,4,5,5,8,1
66,7,5,5,4,8,1
67,7,26,5,4,7,0
68,7,21,5,4,7,1
69,7,22,5,6,7,1
70,7,32,5,6,0,0
71,7,24,5,6,8,0
72,10,3,5,7,7,0
73,10,7,5,7,7,0
74,10,10,5,7,6,1
75,10,11,5,9,5,0
76,10,25,5,9,5,0
77,10,14,5,9,4,0
78,10,15,5,8,3,0
79,10,28,5,8,5,0
80,10,17,5,8,0,1
81,10,18,5,2,0,1
82,10,23,5,2,5,1
83,10,6,5,2,6,0
84,10,13,5,10,8,0
85,10,20,5,10,7,0
86,10,33,5,10,0,0
87,10,34,5,3,0,1
88,10,2,5,3,5,0
89,10,8,5,3,5,0
90,10,9,5,11,7,0
91,10,27,5,11,8,1
92,10,35,5,11,0,1
93,10,36,5,12,0,1
94,10,1,5,12,7,1
95,10,12,5,12,8,0
96,10,16,5,1,8,0
97,10,19,5,1,6,1
98,10,30,5,1,0,0
99,10,31,5,5,0,1
100,10,29,5,5,6,1
101,10,4,5,5,7,0
102,10,5,5,4,7,0
103,10,26,5,4,9,1
104,10,21,5,4,0,1
105,10,22,5,6,0,1
106,10,32,5,6,7,1
107,10,24,5,6,7,0
108,11,3,9,7,7,0
109,11,7,9,7,7,1
110,11,10,9,7,6,0
111,11,11,9,9,6,1
112,11,25,9,9,6,0
113,11,14,9,9,5,0
114,11,15,9,8,4,0
115,11,28,9,8,6,0
116,11,17,9,8,0,0
117,11,18,9,2,0,0
118,11,23,9,2,5,0
119,11,6,9,2,6,0
120,11,13,9,10,6,0
121,11,20,9,10,5,1
122,11,33,9,10,0,0
123,11,34,9,3,0,1
124,11,2,9,3,6,0
125,11,8,9,3,6,0
126,11,9,9,11,8,0
127,11,27,9,11,8,1
128,11,35,9,11,0,1
129,11,36,9,12,0,0
130,11,1,9,12,7,0
131,11,12,9,12,8,0
132,11,16,9,1,7,0
133,11,19,9,1,5,1
134,11,30,9,1,0,1
135,11,31,9,5,0,1
136,11,29,9,5,6,1
137,11,4,9,5,7,0
138,11,5,9,4,7,0
139,11,26,9,4,9,1
140,11,21,9,4,0,1
141,11,22,9,6,0,1
142,11,32,9,6,7,1
143,11,24,9,6,7,0
144,25,3,9,7,8,0
145,25,7,9,7,8,1
146,25,10,9,7,8,0
147,25,11,9,9,8,0
148,25,25,9,9,6,0
149,25,14,9,9,7,0
150,25,15,9,8,6,0
151,25,28,9,8,0,0
152,25,17,9,8,7,0
153,25,18,9,2,7,0
154,25,23,9,2,5,0
155,25,6,9,2,6,0
156,25,13,9,10,4,1
157,25,20,9,10,5,0
158,25,33,9,10,6,1
159,25,34,9,3,6,0
160,25,2,9,3,0,0
161,25,8,9,3,7,0
162,25,9,9,11,8,0
163,25,27,9,11,0,1
164,25,35,9,11,9,0
165,25,36,9,12,9,0
166,25,1,9,12,7,0
167,25,12,9,12,8,0
168,25,16,9,1,7,1
169,25,19,9,1,7,0
170,25,30,9,1,7,1
171,25,31,9,5,7,1
172,25,29,9,5,0,0
173,25,4,9,5,8,1
174,25,5,9,4,8,1
175,25,26,9,4,0,1
176,25,21,9,4,9,1
177,25,22,9,6,8,1
178,25,32,9,6,7,1
179,25,24,9,6,8,1
180,14,3,9,7,8,1
181,14,7,9,7,8,0
182,14,10,9,7,8,1
183,14,11,9,9,8,0
184,14,25,9,9,8,0
185,14,14,9,9,6,1
186,14,15,9,8,6,0
187,14,28,9,8,6,0
188,14,17,9,8,5,0
189,14,18,9,2,5,0
190,14,23,9,2,7,0
191,14,6,9,2,5,0
192,14,13,9,10,5,1
193,14,20,9,10,5,1
194,14,33,9,10,7,0
195,14,34,9,3,7,0
196,14,2,9,3,7,0
197,14,8,9,3,0,1
198,14,9,9,11,0,1
199,14,27,9,11,7,0
200,14,35,9,11,7,1
201,14,36,9,12,7,0
202,14,1,9,12,9,0
203,14,12,9,12,7,0
204,14,16,9,1,7,1
205,14,19,9,1,7,1
206,14,30,9,1,7,0
207,14,31,9,5,8,0
208,14,29,9,5,8,1
209,14,4,9,5,0,1
210,14,5,9,4,0,1
211,14,26,9,4,8,1
212,14,21,9,4,7,1
213,14,22,9,6,7,1
214,14,32,9,6,9,1
215,14,24,9,6,7,1
216,15,3,8,7,8,1
217,15,7,8,7,8,1
218,15,10,8,7,8,0
219,15,11,8,9,8,1
220,15,25,8,9,8,1
221,15,14,8,9,6,0
222,15,15,8,8,6,0
223,15,28,8,8,7,1
224,15,17,8,8,6,0
225,15,18,8,2,4,0
226,15,23,8,2,6,0
227,15,6,8,2,4,0
228,15,13,8,10,5,0
229,15,20,8,10,5,0
230,15,33,8,10,7,1
231,15,34,8,3,8,1
232,15,2,8,3,8,1
233,15,8,8,3,0,0
234,15,9,8,11,0,0
235,15,27,8,11,7,1
236,15,35,8,11,6,0
237,15,36,8,12,6,0
238,15,1,8,12,8,1
239,15,12,8,12,6,0
240,15,16,8,1,8,1
241,15,19,8,1,8,1
242,15,30,8,1,8,1
243,15,31,8,5,7,1
244,15,29,8,5,7,1
245,15,4,8,5,0,0
246,15,5,8,4,0,0
247,15,26,8,4,8,1
248,15,21,8,4,7,1
249,15,22,8,6,7,1
250,15,32,8,6,9,1
251,15,24,8,6,7,1
252,28,3,8,7,7,1
253,28,7,8,7,8,1
254,28,10,8,7,8,1
255,28,11,8,9,8,1
256,28,25,8,9,0,0
257,28,14,8,9,8,1
258,28,15,8,8,8,1
259,28,28,8,8,6,0
260,28,17,8,8,6,0
261,28,18,8,2,4,0
262,28,23,8,2,4,0
263,28,6,8,2,5,0
264,28,13,8,10,5,0
265,28,20,8,10,6,0
266,28,33,8,10,6,0
267,28,34,8,3,7,1
268,28,2,8,3,0,0
269,28,8,8,3,7,1
270,28,9,8,11,7,1
271,28,27,8,11,0,0
272,28,35,8,11,7,1
273,28,36,8,12,7,1
274,28,1,8,12,5,0
275,28,12,8,12,7,1
276,28,16,8,1,7,1
277,28,19,8,1,8,1
278,28,30,8,1,8,1
279,28,31,8,5,7,1
280,28,29,8,5,0,0
281,28,4,8,5,7,1
282,28,5,8,4,8,1
283,28,26,8,4,0,0
284,28,21,8,4,8,1
285,28,22,8,6,8,1
286,28,32,8,6,7,1
287,28,24,8,6,9,1
288,17,3,8,7,9,1
289,17,7,8,7,7,1
290,17,10,8,7,0,0
291,17,11,8,9,0,0
292,17,25,8,9,8,1
293,17,14,8,9,8,1
294,17,15,8,8,8,1
295,17,28,8,8,7,1
296,17,17,8,8,6,0
297,17,18,8,2,4,0
298,17,23,8,2,5,0
299,17,6,8,2,4,0
300,17,13,8,10,6,0
301,17,20,8,10,3,0
302,17,33,8,10,0,0
303,17,34,8,3,0,0
304,17,2,8,3,7,1
305,17,8,8,3,8,1
306,17,9,8,11,7,1
307,17,27,8,11,7,1
308,17,35,8,11,0,0
309,17,36,8,12,0,0
310,17,1,8,12,7,1
311,17,12,8,12,6,0
312,17,16,8,1,8,1
313,17,19,8,1,7,1
314,17,30,8,1,0,0
315,17,31,8,5,0,0
316,17,29,8,5,7,1
317,17,4,8,5,7,1
318,17,5,8,4,8,1
319,17,26,8,4,8,1
320,17,21,8,4,0,0
321,17,22,8,6,0,0
322,17,32,8,6,9,1
323,17,24,8,6,7,1
324,18,3,2,7,9,1
325,18,7,2,7,7,1
326,18,10,2,7,0,0
327,18,11,2,9,0,0
328,18,25,2,9,8,1
329,18,14,2,9,8,1
330,18,15,2,8,8,1
331,18,28,2,8,7,1
332,18,17,2,8,6,0
333,18,18,2,2,6,0
334,18,23,2,2,7,1
335,18,6,2,2,6,0
336,18,13,2,10,6,0
337,18,20,2,10,3,0
338,18,33,2,10,0,0
339,18,34,2,3,0,0
340,18,2,2,3,6,0
341,18,8,2,3,7,1
342,18,9,2,11,7,1
343,18,27,2,11,7,1
344,18,35,2,11,0,0
345,18,36,2,12,0,0
346,18,1,2,12,8,1
347,18,12,2,12,7,1
348,18,16,2,1,8,1
349,18,19,2,1,7,1
350,18,30,2,1,0,0
351,18,31,2,5,0,0
352,18,29,2,5,8,1
353,18,4,2,5,8,1
354,18,5,2,4,7,1
355,18,26,2,4,7,1
356,18,21,2,4,0,0
357,18,22,2,6,0,0
358,18,32,2,6,8,1
359,18,24,2,6,7,1
360,23,3,2,7,7,1
361,23,7,2,7,0,0
362,23,10,2,7,7,1
363,23,11,2,9,7,1
364,23,25,2,9,8,1
365,23,14,2,9,8,1
366,23,15,2,8,8,1
367,23,28,2,8,8,1
368,23,17,2,8,8,1
369,23,18,2,2,8,1
370,23,23,2,2,6,0
371,23,6,2,2,7,1
372,23,13,2,10,5,0
373,23,20,2,10,0,0
374,23,33,2,10,5,0
375,23,34,2,3,5,0
376,23,2,2,3,6,0
377,23,8,2,3,6,0
378,23,9,2,11,6,0
379,23,27,2,11,7,1
380,23,35,2,11,7,1
381,23,36,2,12,8,1
382,23,1,2,12,0,0
383,23,12,2,12,8,1
384,23,16,2,1,7,1
385,23,19,2,1,0,0
386,23,30,2,1,8,1
387,23,31,2,5,8,1
388,23,29,2,5,7,1
389,23,4,2,5,7,1
390,23,5,2,4,7,1
391,23,26,2,4,7,1
392,23,21,2,4,7,1
393,23,22,2,6,8,1
394,23,32,2,6,0,0
395,23,24,2,6,8,1
396,6,3,2,7,0,0
397,6,7,2,7,6,0
398,6,10,2,7,9,1
399,6,11,2,9,9,1
400,6,25,2,9,6,0
401,6,14,2,9,7,1
402,6,15,2,8,7,1
403,6,28,2,8,6,0
404,6,17,2,8,7,1
405,6,18,2,2,7,1
406,6,23,2,2,7,1
407,6,6,2,2,0,0
408,6,13,2,10,0,0
409,6,20,2,10,3,0
410,6,33,2,10,6,0
411,6,34,2,3,6,0
412,6,2,2,3,4,0
413,6,8,2,3,6,0
414,6,9,2,11,6,0
415,6,27,2,11,5,0
416,6,35,2,11,7,1
417,6,36,2,12,8,1
418,6,1,2,12,7,1
419,6,12,2,12,0,0
420,6,16,2,1,0,0
421,6,19,2,1,6,0
422,6,30,2,1,8,1
423,6,31,2,5,8,1
424,6,29,2,5,6,0
425,6,4,2,5,8,1
426,6,5,2,4,7,1
427,6,26,2,4,7,1
428,6,21,2,4,6,0
429,6,22,2,6,7,1
430,6,32,2,6,7,1
431,6,24,2,6,0,0
432,13,3,10,7,0,0
433,13,7,10,7,7,1
434,13,10,10,7,7,1
435,13,11,10,9,6,0
436,13,25,10,9,6,0
437,13,14,10,9,4,0
438,13,15,10,8,5,0
439,13,28,10,8,7,1
440,13,17,10,8,6,0
441,13,18,10,2,7,1
442,13,23,10,2,7,1
443,13,6,10,2,0,0
444,13,13,10,10,6,0
445,13,20,10,10,6,0
446,13,33,10,10,5,0
447,13,34,10,3,4,0
448,13,2,10,3,6,0
449,13,8,10,3,5,0
450,13,9,10,11,4,0
451,13,27,10,11,4,0
452,13,35,10,11,5,0
453,13,36,10,12,6,0
454,13,1,10,12,6,0
455,13,12,10,12,0,0
456,13,16,10,1,0,0
457,13,19,10,1,6,0
458,13,30,10,1,5,0
459,13,31,10,5,5,0
460,13,29,10,5,7,1
461,13,4,10,5,6,0
462,13,5,10,4,6,0
463,13,26,10,4,7,1
464,13,21,10,4,6,0
465,13,22,10,6,6,0
466,13,32,10,6,6,0
467,13,24,10,6,0,0
468,20,3,10,7,8,1
469,20,7,10,7,0,0
470,20,10,10,7,8,1
471,20,11,10,9,7,1
472,20,25,10,9,5,0
473,20,14,10,9,7,1
474,20,15,10,8,8,1
475,20,28,10,8,7,1
476,20,17,10,8,7,1
477,20,18,10,2,7,1
478,20,23,10,2,0,0
479,20,6,10,2,7,1
480,20,13,10,10,8,1
481,20,20,10,10,0,0
482,20,33,10,10,7,1
483,20,34,10,3,6,0
484,20,2,10,3,5,0
485,20,8,10,3,6,0
486,20,9,10,11,6,0
487,20,27,10,11,4,0
488,20,35,10,11,5,0
489,20,36,10,12,6,0
490,20,1,10,12,0,0
491,20,12,10,12,7,1
492,20,16,10,1,7,1
493,20,19,10,1,0,0
494,20,30,10,1,7,1
495,20,31,10,5,7,1
496,20,29,10,5,6,0
497,20,4,10,5,8,1
498,20,5,10,4,8,1
499,20,26,10,4,6,0
500,20,21,10,4,7,1
501,20,22,10,6,7,1
502,20,32,10,6,0,0
503,20,24,10,6,7,1
504,33,3,10,7,8,1
505,33,7,10,7,8,1
506,33,10,10,7,0,0
507,33,11,10,9,0,0
508,33,25,10,9,7,1
509,33,14,10,9,6,0
510,33,15,10,8,7,1
511,33,28,10,8,9,1
512,33,17,10,8,0,0
513,33,18,10,2,0,0
514,33,23,10,2,8,1
515,33,6,10,2,8,1
516,33,13,10,10,8,1
517,33,20,10,10,8,1
518,33,33,10,10,6,0
519,33,34,10,3,5,0
520,33,2,10,3,6,0
521,33,8,10,3,4,0
522,33,9,10,11,3,0
523,33,27,10,11,6,0
524,33,35,10,11,0,0
525,33,36,10,12,0,0
526,33,1,10,12,6,0
527,33,12,10,12,6,0
528,33,16,10,1,7,1
529,33,19,10,1,6,0
530,33,30,10,1,0,0
531,33,31,10,5,0,0
532,33,29,10,5,7,1
533,33,4,10,5,6,0
534,33,5,10,4,6,0
535,33,26,10,4,8,1
536,33,21,10,4,0,0
537,33,22,10,6,0,0
538,33,32,10,6,7,1
539,33,24,10,6,7,1
540,34,3,3,7,7,1
541,34,7,3,7,7,1
542,34,10,3,7,0,0
543,34,11,3,9,0,0
544,34,25,3,9,9,1
545,34,14,3,9,8,1
546,34,15,3,8,8,1
547,34,28,3,8,10,1
548,34,17,3,8,0,0
549,34,18,3,2,0,0
550,34,23,3,2,7,1
551,34,6,3,2,7,1
552,34,13,3,10,8,1
553,34,20,3,10,8,1
554,34,33,3,10,6,0
555,34,34,3,3,6,0
556,34,2,3,3,7,1
557,34,8,3,3,6,0
558,34,9,3,11,4,0
559,34,27,3,11,7,1
560,34,35,3,11,0,0
561,34,36,3,12,0,0
562,34,1,3,12,6,0
563,34,12,3,12,6,0
564,34,16,3,1,7,1
565,34,19,3,1,7,1
566,34,30,3,1,0,0
567,34,31,3,5,0,0
568,34,29,3,5,7,1
569,34,4,3,5,6,0
570,34,5,3,4,5,0
571,34,26,3,4,8,1
572,34,21,3,4,0,0
573,34,22,3,6,0,0
574,34,32,3,6,9,1
575,34,24,3,6,9,1
576,2,3,3,7,6,0
577,2,7,3,7,7,1
578,2,10,3,7,7,1
579,2,11,3,9,9,1
580,2,25,3,9,0,0
581,2,14,3,9,9,1
582,2,15,3,8,8,1
583,2,28,3,8,0,0
584,2,17,3,8,10,1
585,2,18,3,2,8,1
586,2,23,3,2,6,0
587,2,6,3,2,7,1
588,2,13,3,10,8,1
589,2,20,3,10,8,1
590,2,33,3,10,8,1
591,2,34,3,3,8,1
592,2,2,3,3,6,0
593,2,8,3,3,7,1
594,2,9,3,11,6,0
595,2,27,3,11,0,0
596,2,35,3,11,7,1
597,2,36,3,12,7,1
598,2,1,3,12,5,0
599,2,12,3,12,6,0
600,2,16,3,1,5,0
601,2,19,3,1,7,1
602,2,30,3,1,7,1
603,2,31,3,5,7,1
604,2,29,3,5,0,0
605,2,4,3,5,7,1
606,2,5,3,4,6,0
607,2,26,3,4,0,0
608,2,21,3,4,8,1
609,2,22,3,6,10,1
610,2,32,3,6,8,1
611,2,24,3,6,9,1
612,8,3,3,7,6,0
613,8,7,3,7,6,0
614,8,10,3,7,6,0
615,8,11,3,9,9,1
616,8,25,3,9,8,1
617,8,14,3,9,0,0
618,8,15,3,8,0,0
619,8,28,3,8,8,1
620,8,17,3,8,6,0
621,8,18,3,2,5,0
622,8,23,3,2,7,1
623,8,6,3,2,6,0
624,8,13,3,10,8,1
625,8,20,3,10,7,1
626,8,33,3,10,6,0
627,8,34,3,3,6,0
628,8,2,3,3,7,1
629,8,8,3,3,0,0
630,8,9,3,11,0,0
631,8,27,3,11,5,0
632,8,35,3,11,5,0
633,8,36,3,12,5,0
634,8,1,3,12,6,0
635,8,12,3,12,5,0
636,8,16,3,1,6,0
637,8,19,3,1,5,0
638,8,30,3,1,5,0
639,8,31,3,5,5,0
640,8,29,3,5,6,0
641,8,4,3,5,0,0
642,8,5,3,4,0,0
643,8,26,3,4,7,1
644,8,21,3,4,5,0
645,8,22,3,6,7,1
646,8,32,3,6,8,1
647,8,24,3,6,8,1
648,9,3,11,7,7,1
649,9,7,11,7,7,1
650,9,10,11,7,8,1
651,9,11,11,9,7,1
652,9,25,11,9,6,0
653,9,14,11,9,0,0
654,9,15,11,8,0,0
655,9,28,11,8,7,1
656,9,17,11,8,6,0
657,9,18,11,2,5,0
658,9,23,11,2,7,1
659,9,6,11,2,6,0
660,9,13,11,10,7,1
661,9,20,11,10,6,0
662,9,33,11,10,5,0
663,9,34,11,3,6,0
664,9,2,11,3,7,1
665,9,8,11,3,0,0
666,9,9,11,11,0,0
667,9,27,11,11,6,0
668,9,35,11,11,6,0
669,9,36,11,12,5,0
670,9,1,11,12,6,0
671,9,12,11,12,5,0
672,9,16,11,1,6,0
673,9,19,11,1,5,0
674,9,30,11,1,5,0
675,9,31,11,5,6,0
676,9,29,11,5,7,1
677,9,4,11,5,0,0
678,9,5,11,4,0,0
679,9,26,11,4,7,1
680,9,21,11,4,5,0
681,9,22,11,6,5,0
682,9,32,11,6,5,0
683,9,24,11,6,5,0
684,27,3,11,7,6,0
685,27,7,11,7,8,1
686,27,10,11,7,7,1
687,27,11,11,9,6,0
688,27,25,11,9,0,0
689,27,14,11,9,7,1
690,27,15,11,8,8,1
691,27,28,11,8,0,0
692,27,17,11,8,8,1
693,27,18,11,2,7,1
694,27,23,11,2,6,0
695,27,6,11,2,8,1
696,27,13,11,10,6,0
697,27,20,11,10,7,1
698,27,33,11,10,7,1
699,27,34,11,3,7,1
700,27,2,11,3,0,0
701,27,8,11,3,8,1
702,27,9,11,11,8,1
703,27,27,11,11,0,0
704,27,35,11,11,7,1
705,27,36,11,12,6,0
706,27,1,11,12,5,0
707,27,12,11,12,7,1
708,27,16,11,1,5,0
709,27,19,11,1,6,0
710,27,30,11,1,6,0
711,27,31,11,5,7,1
712,27,29,11,5,0,0
713,27,4,11,5,8,1
714,27,5,11,4,7,1
715,27,26,11,4,0,0
716,27,21,11,4,7,1
717,27,22,11,6,7,1
718,27,32,11,6,6,0
719,27,24,11,6,8,1
720,35,3,11,7,8,1
721,35,7,11,7,6,0
722,35,10,11,7,0,0
723,35,11,11,9,0,0
724,35,25,11,9,6,0
725,35,14,11,9,6,0
726,35,15,11,8,7,1
727,35,28,11,8,7,1
728,35,17,11,8,0,0
729,35,18,11,2,0,0
730,35,23,11,2,6,0
731,35,6,11,2,6,0
732,35,13,11,10,8,1
733,35,20,11,10,5,0
734,35,33,11,10,0,0
735,35,34,11,3,0,0
736,35,2,11,3,7,1
737,35,8,11,3,8,1
738,35,9,11,11,8,1
739,35,27,11,11,7,1
740,35,35,11,11,0,0
741,35,36,11,12,0,0
742,35,1,11,12,5,0
743,35,12,11,12,5,0
744,35,16,11,1,7,1
745,35,19,11,1,4,0
746,35,30,11,1,0,0
747,35,31,11,5,0,0
748,35,29,11,5,7,1
749,35,4,11,5,8,1
750,35,5,11,4,7,1
751,35,26,11,4,7,1
752,35,21,11,4,0,0
753,35,22,11,6,0,0
754,35,32,11,6,5,0
755,35,24,11,6,5,0
756,36,3,12,7,7,1
757,36,7,12,7,5,0
758,36,10,12,7,0,0
759,36,11,12,9,0,0
760,36,25,12,9,7,1
761,36,14,12,9,7,1
762,36,15,12,8,5,0
763,36,28,12,8,5,0
764,36,17,12,8,0,0
765,36,18,12,2,0,0
766,36,23,12,2,8,1
767,36,6,12,2,8,1
768,36,13,12,10,10,1
769,36,20,12,10,6,0
770,36,33,12,10,0,0
771,36,34,12,3,0,0
772,36,2,12,3,7,1
773,36,8,12,3,8,1
774,36,9,12,11,9,1
775,36,27,12,11,7,1
776,36,35,12,11,0,0
777,36,36,12,12,0,0
778,36,1,12,12,6,0
779,36,12,12,12,6,0
780,36,16,12,1,7,1
781,36,19,12,1,4,0
782,36,30,12,1,0,0
783,36,31,12,5,0,0
784,36,29,12,5,5,0
785,36,4,12,5,7,1
786,36,5,12,4,7,1
787,36,26,12,4,7,1
788,36,21,12,4,0,0
789,36,22,12,6,0,0
790,36,32,12,6,5,0
791,36,24,12,6,5,0
792,1,3,12,7,6,0
793,1,7,12,7,0,0
794,1,10,12,7,6,0
795,1,11,12,9,7,1
796,1,25,12,9,8,1
797,1,14,12,9,8,1
798,1,15,12,8,6,0
799,1,28,12,8,5,0
800,1,17,12,8,6,0
801,1,18,12,2,9,1
802,1,23,12,2,0,0
803,1,6,12,2,9,1
804,1,13,12,10,7,1
805,1,20,12,10,0,0
806,1,33,12,10,7,1
807,1,34,12,3,7,1
808,1,2,12,3,8,1
809,1,8,12,3,8,1
810,1,9,12,11,8,1
811,1,27,12,11,8,1
812,1,35,12,11,8,1
813,1,36,12,12,8,1
814,1,1,12,12,0,0
815,1,12,12,12,7,1
816,1,16,12,1,4,0
817,1,19,12,1,0,0
818,1,30,12,1,5,0
819,1,31,12,5,5,0
820,1,29,12,5,6,0
821,1,4,12,5,6,0
822,1,5,12,4,6,0
823,1,26,12,4,7,1
824,1,21,12,4,7,1
825,1,22,12,6,7,1
826,1,32,12,6,0,0
827,1,24,12,6,7,1
828,12,3,12,7,0,0
829,12,7,12,7,5,0
830,12,10,12,7,8,1
831,12,11,12,9,9,1
832,12,25,12,9,6,0
833,12,14,12,9,6,0
834,12,15,12,8,4,0
835,12,28,12,8,4,0
836,12,17,12,8,5,0
837,12,18,12,2,8,1
838,12,23,12,2,8,1
839,12,6,12,2,0,0
840,12,13,12,10,0,0
841,12,20,12,10,6,0
842,12,33,12,10,8,1
843,12,34,12,3,8,1
844,12,2,12,3,6,0
845,12,8,12,3,8,1
846,12,9,12,11,8,1
847,12,27,12,11,7,1
848,12,35,12,11,8,1
849,12,36,12,12,8,1
850,12,1,12,12,7,1
851,12,12,12,12,0,0
852,12,16,12,1,0,0
853,12,19,12,1,4,0
854,12,30,12,1,6,0
855,12,31,12,5,6,0
856,12,29,12,5,4,0
857,12,4,12,5,6,0
858,12,5,12,4,6,0
859,12,26,12,4,6,0
860,12,21,12,4,5,0
861,12,22,12,6,6,0
862,12,32,12,6,5,0
863,12,24,12,6,0,0
864,16,3,1,7,0,0
865,16,7,1,7,6,0
866,16,10,1,7,6,0
867,16,11,1,9,5,0
868,16,25,1,9,6,0
869,16,14,1,9,4,0
870,16,15,1,8,5,0
871,16,28,1,8,6,0
872,16,17,1,8,5,0
873,16,18,1,2,5,0
874,16,23,1,2,7,1
875,16,6,1,2,0,0
876,16,13,1,10,0,0
877,16,20,1,10,7,1
878,16,33,1,10,6,0
879,16,34,1,3,5,0
880,16,2,1,3,8,1
881,16,8,1,3,6,0
882,16,9,1,11,6,0
883,16,27,1,11,6,0
884,16,35,1,11,7,1
885,16,36,1,12,8,1
886,16,1,1,12,6,0
887,16,12,1,12,0,0
888,16,16,1,1,0,0
889,16,19,1,1,6,0
890,16,30,1,1,5,0
891,16,31,1,5,4,0
892,16,29,1,5,6,0
893,16,4,1,5,5,0
894,16,5,1,4,5,0
895,16,26,1,4,6,0
896,16,21,1,4,5,0
897,16,22,1,6,6,0
898,16,32,1,6,7,1
899,16,24,1,6,0,0
900,19,3,1,7,7,1
901,19,7,1,7,0,0
902,19,10,1,7,6,0
903,19,11,1,9,5,0
904,19,25,1,9,5,0
905,19,14,1,9,7,1
906,19,15,1,8,8,1
907,19,28,1,8,6,0
908,19,17,1,8,7,1
909,19,18,1,2,7,1
910,19,23,1,2,0,0
911,19,6,1,2,7,1
912,19,13,1,10,8,1
913,19,20,1,10,0,0
914,19,33,1,10,8,1
915,19,34,1,3,7,1
916,19,2,1,3,6,0
917,19,8,1,3,8,1
918,19,9,1,11,8,1
919,19,27,1,11,6,0
920,19,35,1,11,7,1
921,19,36,1,12,8,1
922,19,1,1,12,0,0
923,19,12,1,12,8,1
924,19,16,1,1,5,0
925,19,19,1,1,0,0
926,19,30,1,1,7,1
927,19,31,1,5,6,0
928,19,29,1,5,5,0
929,19,4,1,5,7,1
930,19,5,1,4,7,1
931,19,26,1,4,5,0
932,19,21,1,4,6,0
933,19,22,1,6,7,1
934,19,32,1,6,0,0
935,19,24,1,6,8,1
936,30,3,1,7,7,1
937,30,7,1,7,7,1
938,30,10,1,7,0,0
939,30,11,1,9,0,0
940,30,25,1,9,6,0
941,30,14,1,9,5,0
942,30,15,1,8,6,0
943,30,28,1,8,8,1
944,30,17,1,8,0,0
945,30,18,1,2,0,0
946,30,23,1,2,7,1
947,30,6,1,2,7,1
948,30,13,1,10,8,1
949,30,20,1,10,8,1
950,30,33,1,10,0,0
951,30,34,1,3,0,0
952,30,2,1,3,7,1
953,30,8,1,3,5,0
954,30,9,1,11,5,0
955,30,27,1,11,8,1
956,30,35,1,11,0,0
957,30,36,1,12,0,0
958,30,1,1,12,8,1
959,30,12,1,12,8,1
960,30,16,1,1,8,1
961,30,19,1,1,8,1
962,30,30,1,1,6,0
963,30,31,1,5,6,0
964,30,29,1,5,6,0
965,30,4,1,5,5,0
966,30,5,1,4,5,0
967,30,26,1,4,7,1
968,30,21,1,4,0,0
969,30,22,1,6,0,0
970,30,32,1,6,7,1
971,30,24,1,6,7,1
972,31,3,6,7,6,0
973,31,7,6,7,6,0
974,31,10,6,7,0,0
975,31,11,6,9,0,0
976,31,25,6,9,7,1
977,31,14,6,9,6,0
978,31,15,6,8,6,0
979,31,28,6,8,8,1
980,31,17,6,8,0,0
981,31,18,6,2,0,0
982,31,23,6,2,7,1
983,31,6,6,2,7,1
984,31,13,6,10,6,0
985,31,20,6,10,6,0
986,31,33,6,10,0,0
987,31,34,6,3,0,0
988,31,2,6,3,8,1
989,31,8,6,3,6,0
990,31,9,6,11,6,0
991,31,27,6,11,9,1
992,31,35,6,11,0,0
993,31,36,6,12,0,0
994,31,1,6,12,7,1
995,31,12,6,12,7,1
996,31,16,6,1,8,1
997,31,19,6,1,8,1
998,31,30,6,1,6,0
999,31,31,6,5,6,0
1000,31,29,6,5,7,1
1001,31,4,6,5,6,0
1002,31,5,6,4,6,0
1003,31,26,6,4,8,1
1004,31,21,6,4,0,0
1005,31,22,6,6,0,0
1006,31,32,6,6,6,0
1007,31,24,6,6,6,0
1008,29,3,6,7,5,0
1009,29,7,6,7,6,0
1010,29,10,6,7,5,0
1011,29,11,6,9,6,0
1012,29,25,6,9,0,0
1013,29,14,6,9,7,1
1014,29,15,6,8,7,1
1015,29,28,6,8,0,0
1016,29,17,6,8,8,1
1017,29,18,6,2,8,1
1018,29,23,6,2,5,0
1019,29,6,6,2,7,1
1020,29,13,6,10,6,0
1021,29,20,6,10,6,0
1022,29,33,6,10,6,0
1023,29,34,6,3,8,1
1024,29,2,6,3,0,0
1025,29,8,6,3,8,1
1026,29,9,6,11,8,1
1027,29,27,6,11,0,0
1028,29,35,6,11,9,1
1029,29,36,6,12,8,1
1030,29,1,6,12,6,0
1031,29,12,6,12,7,1
1032,29,16,6,1,8,1
1033,29,19,6,1,8,1
1034,29,30,6,1,8,1
1035,29,31,6,5,8,1
1036,29,29,6,5,6,0
1037,29,4,6,5,7,1
1038,29,5,6,4,7,1
1039,29,26,6,4,0,0
1040,29,21,6,4,9,1
1041,29,22,6,6,7,1
1042,29,32,6,6,5,0
1043,29,24,6,6,6,0
1044,4,3,6,7,4,0
1045,4,7,6,7,3,0
1046,4,10,6,7,6,0
1047,4,11,6,9,6,0
1048,4,25,6,9,6,0
1049,4,14,6,9,0,0
1050,4,15,6,8,0,0
1051,4,28,6,8,6,0
1052,4,17,6,8,5,0
1053,4,18,6,2,5,0
1054,4,23,6,2,7,1
1055,4,6,6,2,6,0
1056,4,13,6,10,6,0
1057,4,20,6,10,5,0
1058,4,33,6,10,5,0
1059,4,34,6,3,8,1
1060,4,2,6,3,7,1
1061,4,8,6,3,0,0
1062,4,9,6,11,0,0
1063,4,27,6,11,7,1
1064,4,35,6,11,7,1
1065,4,36,6,12,7,1
1066,4,1,6,12,7,1
1067,4,12,6,12,6,0
1068,4,16,6,1,8,1
1069,4,19,6,1,7,1
1070,4,30,6,1,7,1
1071,4,31,6,5,8,1
1072,4,29,6,5,7,1
1073,4,4,6,5,0,0
1074,4,5,6,4,0,0
1075,4,26,6,4,7,1
1076,4,21,6,4,5,0
1077,4,22,6,6,4,0
1078,4,32,6,6,6,0
1079,4,24,6,6,3,0
1080,5,3,4,7,4,0
1081,5,7,4,7,3,0
1082,5,10,4,7,6,0
1083,5,11,4,9,7,1
1084,5,25,4,9,6,0
1085,5,14,4,9,0,0
1086,5,15,4,8,0,0
1087,5,28,4,8,6,0
1088,5,17,4,8,5,0
1089,5,18,4,2,4,0
1090,5,23,4,2,6,0
1091,5,6,4,2,5,0
1092,5,13,4,10,7,1
1093,5,20,4,10,6,0
1094,5,33,4,10,6,0
1095,5,34,4,3,6,0
1096,5,2,4,3,6,0
1097,5,8,4,3,0,0
1098,5,9,4,11,0,0
1099,5,27,4,11,7,1
1100,5,35,4,11,7,1
1101,5,36,4,12,6,0
1102,5,1,4,12,7,1
1103,5,12,4,12,6,0
1104,5,16,4,1,8,1
1105,5,19,4,1,6,0
1106,5,30,4,1,7,1
1107,5,31,4,5,8,1
1108,5,29,4,5,7,1
1109,5,4,4,5,0,0
1110,5,5,4,4,0,0
1111,5,26,4,4,7,1
1112,5,21,4,4,5,0
1113,5,22,4,6,5,0
1114,5,32,4,6,7,1
1115,5,24,4,6,4,0
1116,26,3,4,7,3,0
1117,26,7,4,7,4,0
1118,26,10,4,7,5,0
1119,26,11,4,9,6,0
1120,26,25,4,9,0,0
1121,26,14,4,9,6,0
1122,26,15,4,8,6,0
1123,26,28,4,8,0,0
1124,26,17,4,8,6,0
1125,26,18,4,2,5,0
1126,26,23,4,2,4,0
1127,26,6,4,2,7,1
1128,26,13,4,10,6,0
1129,26,20,4,10,6,0
1130,26,33,4,10,6,0
1131,26,34,4,3,6,0
1132,26,2,4,3,0,0
1133,26,8,4,3,8,1
1134,26,9,4,11,8,1
1135,26,27,4,11,0,0
1136,26,35,4,11,8,1
1137,26,36,4,12,7,1
1138,26,1,4,12,5,0
1139,26,12,4,12,8,1
1140,26,16,4,1,7,1
1141,26,19,4,1,7,1
1142,26,30,4,1,7,1
1143,26,31,4,5,7,1
1144,26,29,4,5,0,0
1145,26,4,4,5,8,1
1146,26,5,4,4,8,1
1147,26,26,4,4,0,0
1148,26,21,4,4,6,0
1149,26,22,4,6,6,0
1150,26,32,4,6,5,0
1151,26,24,4,6,7,1
1152,21,3,4,7,6,0
1153,21,7,4,7,3,0
1154,21,10,4,7,0,0
1155,21,11,4,9,0,0
1156,21,25,4,9,6,0
1157,21,14,4,9,7,1
1158,21,15,4,8,7,1
1159,21,28,4,8,7,1
1160,21,17,4,8,0,0
1161,21,18,4,2,0,0
1162,21,23,4,2,6,0
1163,21,6,4,2,5,0
1164,21,13,4,10,8,1
1165,21,20,4,10,6,0
1166,21,33,4,10,0,0
1167,21,34,4,3,0,0
1168,21,2,4,3,7,1
1169,21,8,4,3,7,1
1170,21,9,4,11,8,1
1171,21,27,4,11,8,1
1172,21,35,4,11,0,0
1173,21,36,4,12,0,0
1174,21,1,4,12,8,1
1175,21,12,4,12,6,0
1176,21,16,4,1,9,1
1177,21,19,4,1,7,1
1178,21,30,4,1,0,0
1179,21,31,4,5,0,0
1180,21,29,4,5,8,1
1181,21,4,4,5,8,1
1182,21,5,4,4,7,1
1183,21,26,4,4,7,1
1184,21,21,4,4,0,0
1185,21,22,4,6,0,0
1186,21,32,4,6,7,1
1187,21,24,4,6,5,0
1188,22,3,7,7,7,1
1189,22,7,7,7,4,0
1190,22,10,7,7,0,0
1191,22,11,7,9,0,0
1192,22,25,7,9,5,0
1193,22,14,7,9,6,0
1194,22,15,7,8,6,0
1195,22,28,7,8,6,0
1196,22,17,7,8,0,0
1197,22,18,7,2,0,0
1198,22,23,7,2,7,1
1199,22,6,7,2,6,0
1200,22,13,7,10,8,1
1201,22,20,7,10,6,0
1202,22,33,7,10,0,0
1203,22,34,7,3,0,0
1204,22,2,7,3,7,1
1205,22,8,7,3,7,1
1206,22,9,7,11,6,0
1207,22,27,7,11,6,0
1208,22,35,7,11,0,0
1209,22,36,7,12,0,0
1210,22,1,7,12,8,1
1211,22,12,7,12,7,1
1212,22,16,7,1,9,1
1213,22,19,7,1,7,1
1214,22,30,7,1,0,0
1215,22,31,7,5,0,0
1216,22,29,7,5,9,1
1217,22,4,7,5,9,1
1218,22,5,7,4,8,1
1219,22,26,7,4,8,1
1220,22,21,7,4,0,0
1221,22,22,7,6,0,0
1222,22,32,7,6,7,1
1223,22,24,7,6,5,0
1224,32,3,7,7,5,0
1225,32,7,7,7,0,0
1226,32,10,7,7,5,0
1227,32,11,7,9,4,0
1228,32,25,7,9,5,0
1229,32,14,7,9,5,0
1230,32,15,7,8,5,0
1231,32,28,7,8,6,0
1232,32,17,7,8,6,0
1233,32,18,7,2,7,1
1234,32,23,7,2,0,0
1235,32,6,7,2,7,1
1236,32,13,7,10,6,0
1237,32,20,7,10,0,0
1238,32,33,7,10,6,0
1239,32,34,7,3,6,0
1240,32,2,7,3,7,1
1241,32,8,7,3,6,0
1242,32,9,7,11,5,0
1243,32,27,7,11,6,0
1244,32,35,7,11,5,0
1245,32,36,7,12,7,1
1246,32,1,7,12,0,0
1247,32,12,7,12,8,1
1248,32,16,7,1,7,1
1249,32,19,7,1,0,0
1250,32,30,7,1,7,1
1251,32,31,7,5,8,1
1252,32,29,7,5,9,1
1253,32,4,7,5,9,1
1254,32,5,7,4,8,1
1255,32,26,7,4,8,1
1256,32,21,7,4,8,1
1257,32,22,7,6,8,1
1258,32,32,7,6,0,0
1259,32,24,7,6,7,1
1260,24,3,7,7,0,0
1261,24,7,7,7,5,0
1262,24,10,7,7,7,1
1263,24,11,7,9,6,0
1264,24,25,7,9,4,0
1265,24,14,7,9,5,0
1266,24,15,7,8,5,0
1267,24,28,7,8,5,0
1268,24,17,7,8,6,0
1269,24,18,7,2,7,1
1270,24,23,7,2,7,1
1271,24,6,7,2,0,0
1272,24,13,7,10,0,0
1273,24,20,7,10,6,0
1274,24,33,7,10,8,1
1275,24,34,7,3,8,1
1276,24,2,7,3,6,0
1277,24,8,7,3,7,1
1278,24,9,7,11,6,0
1279,24,27,7,11,6,0
1280,24,35,7,11,6,0
1281,24,36,7,12,8,1
1282,24,1,7,12,8,1
1283,24,12,7,12,0,0
1284,24,16,7,1,0,0
1285,24,19,7,1,7,1
1286,24,30,7,1,9,1
1287,24,31,7,5,10,1
1288,24,29,7,5,8,1
1289,24,4,7,5,8,1
1290,24,5,7,4,7,1
1291,24,26,7,4,8,1
1292,24,21,7,4,7,1
1293,24,22,7,6,7,1
1294,24,32,7,6,8,1
1295,24,24,7,6,0,0
